<?xml version="1.0" encoding="UTF-8" ?>
<!DOCTYPE mapper PUBLIC "-//mybatis.org//DTD Mapper 3.0//EN"
        "http://mybatis.org/dtd/mybatis-3-mapper.dtd">
<mapper namespace="cn.jiyun.demo.dao.StudentDao">

<!--    <resultMap id="studentMap" type="cn.jiyun.demo.entity.Student">

        <id property="stuId" column="stuId"></id>

        <result property="stuName" column="stuName"></result>
        <result property="stuAge" column="stuAge"></result>
        &lt;!&ndash;<result property="stuClsId" column="stuClsId"></result>&ndash;&gt;
        <result property="stuOrigin" column="stuOrigin"></result>
        <result property="stuAddress" column="stuAddress"></result>
        <result property="stuPhone" column="stuPhone"></result>
        
        <association property="cls" javaType="cn.jiyun.demo.entity.Classes">
            
            <id property="clsId" column="clsId"></id>
            <result property="clsName" column="clsName"></result>
            
        </association>

    </resultMap>-->

    <select id="findAll" resultType="Student">
        <!--select
            stuId, stuName, stuAge, clsId, stuOrigin, stuAddress, stuPhone,clsName
        from
            student s ,classes c
        <where>

            s.stuClsId = c.clsId

        </where>-->

        select stuId, stuName, stuAge, stuClsId, stuOrigin, stuAddress, stuPhone from student

    </select>

    <insert id="addStudent">
        insert
        into
            student
           <!-- ( stuName, stuAge, stuClsId, stuOrigin, stuAddress, stuPhone)-->
        values
            (null,#{stuName},#{stuAge},#{stuClsId},#{stuOrigin},#{stuAddress},#{stuPhone});

    </insert>

    <update id="editStudent">
        update student
        set
            stuName = #{stuName},stuAge = #{stuAge},stuClsId = #{stuClsId},stuOrigin = #{stuOrigin},stuAddress = #{stuAddress},stuPhone = #{stuPhone}
        where
            stuId = #{stuId}

    </update>

    <delete id="deleteById">


        delete
        from
            student
        <where>

            stuId = #{stuId}

        </where>


    </delete>
</mapper>