<?xml version="1.0" encoding="UTF-8" ?>
<!DOCTYPE mapper PUBLIC "-//mybatis.org//DTD Mapper 3.0//EN"
        "http://mybatis.org/dtd/mybatis-3-mapper.dtd">
<mapper namespace="cn.jiyun.demo.dao.StudentDao">
    
<!--    <resultMap id="studentMap" type="Student">

        <id property="stuId" column="stuId"></id>
        <result property="stuName" column="stuName"></result>
        <result property="stuAge" column="stuAge"></result>
        <result property="stuClsId" column="stuClsId"></result>
        <result property="stuOrigin" column="stuOrigin"></result>
        <result property="stuAddress" column="stuAddress"></result>
        <result property="stuPhone" column="stuPhone"></result>

        <association property="classes" javaType="cn.jiyun.demo.entity.Classes" >

            <id property="clsId" column="clsId"></id>
            <result property="clsName" column="clsName"></result>

        </association>

        <collection property="scoreList" ofType="cn.jiyun.demo.entity.Score" >

           &lt;!&ndash; <id property="clsId" column="clsId"></id>&ndash;&gt;
            <result property="score" column="score"></result>

        </collection>
        
    </resultMap>-->

    <select id="findAll" resultType="Student">

       <!-- SELECT
            s.*  , c.* , sc.score
        FROM
            student s,classes c,score sc
        WHERE
            s.`stuId` = sc.`stuId` AND s.`stuClsId` = c.`clsId`-->

        select * from student


    </select>

    <insert id="addStudent">
        insert
        into
            student
            (stuId, stuName, stuAge, stuClsId, stuOrigin, stuAddress, stuPhone)
        values
            (#{stuId},#{stuName},#{stuAge},#{stuClsId},#{stuOrigin},#{stuAddress},#{stuPhone});

    </insert>

    <update id="editStudent">

        update
            student
        set
            stuName = #{stuName}
        <where>
            stuId = #{stuId}
        </where>

    </update>

    <delete id="deleteById">

        delete
        from
            student
        <where>

            stuId = #{student}

        </where>

    </delete>
</mapper>