<?xml version="1.0" encoding="UTF-8" ?>
<!DOCTYPE mapper PUBLIC "-//mybatis.org//DTD Mapper 3.0//EN"
        "http://mybatis.org/dtd/mybatis-3-mapper.dtd">
<mapper namespace="cn.jiyun.demo.dao.StudentDao">

    <resultMap id="studentMap" type="cn.jiyun.demo.entity.Student">

        <id property="stuId" column="stuId"></id>
        <result property="stuName" column="stuName"></result>
        <result property="stuAge" column="stuAge"></result>
        <result property="stuOrigin" column="stuOrigin"></result>
        <result property="stuAddress" column="stuAddress"></result>
        <result property="stuPhone" column="stuPhone"></result>
        
        <association property="classes" javaType="cn.jiyun.demo.entity.Classes">

            <id property="clsId" column="clsId"></id>
            <result property="clsName" column="clsName"></result>

        </association>

    </resultMap>

    <insert id="addStudent">
        insert
        into
            student (stuId, stuName, stuAge, stuClsId, stuOrigin, stuAddress, stuPhone)
        values
            (null,#{stuName},#{stuAge},#{classes.clsId},#{stuOrigin},#{stuAddress},#{stuPhone});

    </insert>

    <select id="findAll" resultMap="studentMap">
        select
            stuId, stuName, stuAge, stuOrigin, stuAddress, stuPhone, clsId, clsName
        from
            student , classes
        <where>

            student.stuClsId = classes.clsId

        </where>

    </select>

    <update id="editStudent">
        update
            student
        set
            stuName = #{stuName},stuAge = #{stuAge},stuOrigin = #{stuOrigin},stuAddress = #{stuAddress},stuPhone = #{stuPhone},stuClsId = #{classes.clsId}
        where
            stuId = #{stuId}
        
    </update>

    <delete id="deleteById">

        delete
        from
            student
        where
            stuId = #{stuId}
    </delete>
</mapper>